number;term;freq;percentage;event;pos/neg
1;currenc;18;0.021634615;bannedFromCountry;positive
2;bank;17;0.020432692;bannedFromCountry;positive
3;exchang;15;0.018028846;bannedFromCountry;positive
4;price;15;0.018028846;bannedFromCountry;positive
5;trade;13;0.015625;bannedFromCountry;positive
6;digit;10;0.012019231;bannedFromCountry;positive
7;said;10;0.012019231;bannedFromCountry;positive
8;bitcoin;8;0.009615385;bannedFromCountry;positive
9;compani;8;0.009615385;bannedFromCountry;positive
10;peopl;8;0.009615385;bannedFromCountry;positive
11;china;7;0.008413462;bannedFromCountry;positive
12;chines;7;0.008413462;bannedFromCountry;positive
13;payment;7;0.008413462;bannedFromCountry;positive
14;central;6;0.007211538;bannedFromCountry;positive
15;financi;6;0.007211538;bannedFromCountry;positive
16;market;6;0.007211538;bannedFromCountry;positive
17;money;6;0.007211538;bannedFromCountry;positive
18;pboc;6;0.007211538;bannedFromCountry;positive
19;sourc;6;0.007211538;bannedFromCountry;positive
20;statement;6;0.007211538;bannedFromCountry;positive
21;valu;6;0.007211538;bannedFromCountry;positive
22;also;5;0.006009615;bannedFromCountry;positive
23;coindesk;5;0.006009615;bannedFromCountry;positive
24;institut;5;0.006009615;bannedFromCountry;positive
25;now;5;0.006009615;bannedFromCountry;positive
26;allow;4;0.004807692;bannedFromCountry;positive
27;author;4;0.004807692;bannedFromCountry;positive
28;clear;4;0.004807692;bannedFromCountry;positive
29;issu;4;0.004807692;bannedFromCountry;positive
30;launder;4;0.004807692;bannedFromCountry;positive
31;pleas;4;0.004807692;bannedFromCountry;positive
32;signific;4;0.004807692;bannedFromCountry;positive
33;thirdparti;4;0.004807692;bannedFromCountry;positive
34;write;4;0.004807692;bannedFromCountry;positive
35;zcash;4;0.004807692;bannedFromCountry;positive
36;abl;3;0.003605769;bannedFromCountry;positive
37;back;3;0.003605769;bannedFromCountry;positive
38;ban;3;0.003605769;bannedFromCountry;positive
39;becom;3;0.003605769;bannedFromCountry;positive
40;blockchain;3;0.003605769;bannedFromCountry;positive
41;deal;3;0.003605769;bannedFromCountry;positive
42;decemb;3;0.003605769;bannedFromCountry;positive
43;follow;3;0.003605769;bannedFromCountry;positive
44;global;3;0.003605769;bannedFromCountry;positive
45;good;3;0.003605769;bannedFromCountry;positive
46;just;3;0.003605769;bannedFromCountry;positive
47;legal;3;0.003605769;bannedFromCountry;positive
48;massiv;3;0.003605769;bannedFromCountry;positive
49;monetari;3;0.003605769;bannedFromCountry;positive
50;morn;3;0.003605769;bannedFromCountry;positive
51;new;3;0.003605769;bannedFromCountry;positive
52;oper;3;0.003605769;bannedFromCountry;positive
53;potenti;3;0.003605769;bannedFromCountry;positive
54;recent;3;0.003605769;bannedFromCountry;positive
55;repres;3;0.003605769;bannedFromCountry;positive
56;risk;3;0.003605769;bannedFromCountry;positive
57;say;3;0.003605769;bannedFromCountry;positive
58;sell;3;0.003605769;bannedFromCountry;positive
59;sever;3;0.003605769;bannedFromCountry;positive
60;still;3;0.003605769;bannedFromCountry;positive
61;term;3;0.003605769;bannedFromCountry;positive
62;this;3;0.003605769;bannedFromCountry;positive
63;time;3;0.003605769;bannedFromCountry;positive
64;use;3;0.003605769;bannedFromCountry;positive
65;volum;3;0.003605769;bannedFromCountry;positive
66;accord;2;0.002403846;bannedFromCountry;positive
67;although;2;0.002403846;bannedFromCountry;positive
68;articl;2;0.002403846;bannedFromCountry;positive
69;associ;2;0.002403846;bannedFromCountry;positive
70;base;2;0.002403846;bannedFromCountry;positive
71;busi;2;0.002403846;bannedFromCountry;positive
72;buy;2;0.002403846;bannedFromCountry;positive
73;chang;2;0.002403846;bannedFromCountry;positive
74;circul;2;0.002403846;bannedFromCountry;positive
75;claim;2;0.002403846;bannedFromCountry;positive
76;clast;2;0.002403846;bannedFromCountry;positive
77;cni;2;0.002403846;bannedFromCountry;positive
78;confirm;2;0.002403846;bannedFromCountry;positive
79;consid;2;0.002403846;bannedFromCountry;positive
80;crimin;2;0.002403846;bannedFromCountry;positive
81;cryptocurr;2;0.002403846;bannedFromCountry;positive
82;current;2;0.002403846;bannedFromCountry;positive
83;custom;2;0.002403846;bannedFromCountry;positive
84;day;2;0.002403846;bannedFromCountry;positive
85;didnt;2;0.002403846;bannedFromCountry;positive
86;discuss;2;0.002403846;bannedFromCountry;positive
87;drop;2;0.002403846;bannedFromCountry;positive
88;econom;2;0.002403846;bannedFromCountry;positive
89;effect;2;0.002403846;bannedFromCountry;positive
90;even;2;0.002403846;bannedFromCountry;positive
91;fee;2;0.002403846;bannedFromCountry;positive
92;first;2;0.002403846;bannedFromCountry;positive
93;fluctuat;2;0.002403846;bannedFromCountry;positive
94;fund;2;0.002403846;bannedFromCountry;positive
95;given;2;0.002403846;bannedFromCountry;positive
96;gmt;2;0.002403846;bannedFromCountry;positive
97;gox;2;0.002403846;bannedFromCountry;positive
98;happen;2;0.002403846;bannedFromCountry;positive
99;heavi;2;0.002403846;bannedFromCountry;positive
100;hong;2;0.002403846;bannedFromCountry;positive
101;exchang;54;0.018280298;hackedExchange;negative
102;report;28;0.009478673;hackedExchange;negative
103;fund;26;0.008801625;hackedExchange;negative
104;wallet;26;0.008801625;hackedExchange;negative
105;digit;25;0.008463101;hackedExchange;negative
106;attack;24;0.008124577;hackedExchange;negative
107;custom;24;0.008124577;hackedExchange;negative
108;hack;24;0.008124577;hackedExchange;negative
109;currenc;23;0.007786053;hackedExchange;negative
110;said;23;0.007786053;hackedExchange;negative
111;user;21;0.007109005;hackedExchange;negative
112;time;20;0.006770481;hackedExchange;negative
113;platform;19;0.006431957;hackedExchange;negative
114;accord;18;0.006093433;hackedExchange;negative
115;compani;18;0.006093433;hackedExchange;negative
116;servic;18;0.006093433;hackedExchange;negative
117;secur;17;0.005754909;hackedExchange;negative
118;follow;16;0.005416385;hackedExchange;negative
119;incid;16;0.005416385;hackedExchange;negative
120;investig;16;0.005416385;hackedExchange;negative
121;nxt;16;0.005416385;hackedExchange;negative
122;account;15;0.005077861;hackedExchange;negative
123;bitcoin;15;0.005077861;hackedExchange;negative
124;communiti;15;0.005077861;hackedExchange;negative
125;statement;15;0.005077861;hackedExchange;negative
126;file;14;0.004739336;hackedExchange;negative
127;one;14;0.004739336;hackedExchange;negative
128;repres;13;0.004400812;hackedExchange;negative
129;use;13;0.004400812;hackedExchange;negative
130;coindesk;12;0.004062288;hackedExchange;negative
131;pleas;12;0.004062288;hackedExchange;negative
132;stolen;12;0.004062288;hackedExchange;negative
133;bitgo;11;0.003723764;hackedExchange;negative
134;held;11;0.003723764;hackedExchange;negative
135;pln;11;0.003723764;hackedExchange;negative
136;poland;11;0.003723764;hackedExchange;negative
137;system;11;0.003723764;hackedExchange;negative
138;activ;10;0.00338524;hackedExchange;negative
139;loss;10;0.00338524;hackedExchange;negative
140;lost;10;0.00338524;hackedExchange;negative
141;offer;10;0.00338524;hackedExchange;negative
142;polish;10;0.00338524;hackedExchange;negative
143;seek;10;0.00338524;hackedExchange;negative
144;theft;10;0.00338524;hackedExchange;negative
145;trade;10;0.00338524;hackedExchange;negative
146;updat;10;0.00338524;hackedExchange;negative
147;base;9;0.003046716;hackedExchange;negative
148;bidextremepl;9;0.003046716;hackedExchange;negative
149;develop;9;0.003046716;hackedExchange;negative
150;hacker;9;0.003046716;hackedExchange;negative
151;inform;9;0.003046716;hackedExchange;negative
152;local;9;0.003046716;hackedExchange;negative
153;market;9;0.003046716;hackedExchange;negative
154;oper;9;0.003046716;hackedExchange;negative
155;provid;9;0.003046716;hackedExchange;negative
156;server;9;0.003046716;hackedExchange;negative
157;site;9;0.003046716;hackedExchange;negative
158;suggest;9;0.003046716;hackedExchange;negative
159;transact;9;0.003046716;hackedExchange;negative
160;articl;8;0.002708192;hackedExchange;negative
161;bter;8;0.002708192;hackedExchange;negative
162;deposit;8;0.002708192;hackedExchange;negative
163;hot;8;0.002708192;hackedExchange;negative
164;includ;8;0.002708192;hackedExchange;negative
165;like;8;0.002708192;hackedExchange;negative
166;press;8;0.002708192;hackedExchange;negative
167;price;8;0.002708192;hackedExchange;negative
168;state;8;0.002708192;hackedExchange;negative
169;team;8;0.002708192;hackedExchange;negative
170;valu;8;0.002708192;hackedExchange;negative
171;websit;8;0.002708192;hackedExchange;negative
172;work;8;0.002708192;hackedExchange;negative
173;also;7;0.002369668;hackedExchange;negative
174;block;7;0.002369668;hackedExchange;negative
175;breach;7;0.002369668;hackedExchange;negative
176;idea;7;0.002369668;hackedExchange;negative
177;interest;7;0.002369668;hackedExchange;negative
178;issu;7;0.002369668;hackedExchange;negative
179;key;7;0.002369668;hackedExchange;negative
180;major;7;0.002369668;hackedExchange;negative
181;may;7;0.002369668;hackedExchange;negative
182;novemb;7;0.002369668;hackedExchange;negative
183;offlin;7;0.002369668;hackedExchange;negative
184;place;7;0.002369668;hackedExchange;negative
185;prior;7;0.002369668;hackedExchange;negative
186;target;7;0.002369668;hackedExchange;negative
187;technolog;7;0.002369668;hackedExchange;negative
188;worth;7;0.002369668;hackedExchange;negative
189;access;6;0.002031144;hackedExchange;negative
190;announc;6;0.002031144;hackedExchange;negative
191;back;6;0.002031144;hackedExchange;negative
192;bitstamp;6;0.002031144;hackedExchange;negative
193;blockchain;6;0.002031144;hackedExchange;negative
194;clast;6;0.002031144;hackedExchange;negative
195;cold;6;0.002031144;hackedExchange;negative
196;compromis;6;0.002031144;hackedExchange;negative
197;contain;6;0.002031144;hackedExchange;negative
198;data;6;0.002031144;hackedExchange;negative
199;decemb;6;0.002031144;hackedExchange;negative
200;decis;6;0.002031144;hackedExchange;negative
201;price;81;0.019703235;halvingDay;positive
202;halv;76;0.018486986;halvingDay;positive
203;network;53;0.01289224;halvingDay;positive
204;miner;51;0.012405741;halvingDay;positive
205;mine;40;0.009729993;halvingDay;positive
206;bitcoin;39;0.009486743;halvingDay;positive
207;market;34;0.008270494;halvingDay;positive
208;drop;31;0.007540744;halvingDay;positive
209;new;30;0.007297495;halvingDay;positive
210;block;28;0.006810995;halvingDay;positive
211;event;26;0.006324495;halvingDay;positive
212;juli;26;0.006324495;halvingDay;positive
213;coindesk;23;0.005594746;halvingDay;positive
214;hashrat;23;0.005594746;halvingDay;positive
215;peercoin;23;0.005594746;halvingDay;positive
216;time;21;0.005108246;halvingDay;positive
217;increas;19;0.004621747;halvingDay;positive
218;said;19;0.004621747;halvingDay;positive
219;this;19;0.004621747;halvingDay;positive
220;month;17;0.004135247;halvingDay;positive
221;one;17;0.004135247;halvingDay;positive
222;chang;16;0.003891997;halvingDay;positive
223;day;16;0.003891997;halvingDay;positive
224;approxim;15;0.003648747;halvingDay;positive
225;currenc;15;0.003648747;halvingDay;positive
226;develop;15;0.003648747;halvingDay;positive
227;pleas;15;0.003648747;halvingDay;positive
228;transact;15;0.003648747;halvingDay;positive
229;valu;15;0.003648747;halvingDay;positive
230;impact;14;0.003405497;halvingDay;positive
231;while;14;0.003405497;halvingDay;positive
232;digit;13;0.003162248;halvingDay;positive
233;generat;13;0.003162248;halvingDay;positive
234;march;13;0.003162248;halvingDay;positive
235;profit;13;0.003162248;halvingDay;positive
236;rate;13;0.003162248;halvingDay;positive
237;reward;13;0.003162248;halvingDay;positive
238;coin;12;0.002918998;halvingDay;positive
239;follow;12;0.002918998;halvingDay;positive
240;howev;12;0.002918998;halvingDay;positive
241;like;12;0.002918998;halvingDay;positive
242;number;12;0.002918998;halvingDay;positive
243;releas;12;0.002918998;halvingDay;positive
244;take;12;0.002918998;halvingDay;positive
245;trade;12;0.002918998;halvingDay;positive
246;2016;11;0.002675748;halvingDay;positive
247;amount;11;0.002675748;halvingDay;positive
248;come;11;0.002675748;halvingDay;positive
249;continu;11;0.002675748;halvingDay;positive
250;declin;11;0.002675748;halvingDay;positive
251;even;11;0.002675748;halvingDay;positive
252;everi;11;0.002675748;halvingDay;positive
253;idea;11;0.002675748;halvingDay;positive
254;mean;11;0.002675748;halvingDay;positive
255;money;11;0.002675748;halvingDay;positive
256;per;11;0.002675748;halvingDay;positive
257;signific;11;0.002675748;halvingDay;positive
258;base;10;0.002432498;halvingDay;positive
259;code;10;0.002432498;halvingDay;positive
260;confid;10;0.002432498;halvingDay;positive
261;electr;10;0.002432498;halvingDay;positive
262;figur;10;0.002432498;halvingDay;positive
263;interest;10;0.002432498;halvingDay;positive
264;remain;10;0.002432498;halvingDay;positive
265;see;10;0.002432498;halvingDay;positive
266;today;10;0.002432498;halvingDay;positive
267;total;10;0.002432498;halvingDay;positive
268;use;10;0.002432498;halvingDay;positive
269;volum;10;0.002432498;halvingDay;positive
270;write;10;0.002432498;halvingDay;positive
271;125;9;0.002189248;halvingDay;positive
272;also;9;0.002189248;halvingDay;positive
273;averag;9;0.002189248;halvingDay;positive
274;fall;9;0.002189248;halvingDay;positive
275;happen;9;0.002189248;halvingDay;positive
276;hash;9;0.002189248;halvingDay;positive
277;much;9;0.002189248;halvingDay;positive
278;peopl;9;0.002189248;halvingDay;positive
279;place;9;0.002189248;halvingDay;positive
280;point;9;0.002189248;halvingDay;positive
281;predict;9;0.002189248;halvingDay;positive
282;suppli;9;0.002189248;halvingDay;positive
283;told;9;0.002189248;halvingDay;positive
284;trader;9;0.002189248;halvingDay;positive
285;way;9;0.002189248;halvingDay;positive
286;year;9;0.002189248;halvingDay;positive
287;articl;8;0.001945999;halvingDay;positive
288;begin;8;0.001945999;halvingDay;positive
289;but;8;0.001945999;halvingDay;positive
290;constant;8;0.001945999;halvingDay;positive
291;cost;8;0.001945999;halvingDay;positive
292;demand;8;0.001945999;halvingDay;positive
293;expect;8;0.001945999;halvingDay;positive
294;explain;8;0.001945999;halvingDay;positive
295;higher;8;0.001945999;halvingDay;positive
296;million;8;0.001945999;halvingDay;positive
297;need;8;0.001945999;halvingDay;positive
298;observ;8;0.001945999;halvingDay;positive
299;revenu;8;0.001945999;halvingDay;positive
300;say;8;0.001945999;halvingDay;positive
301;payment;50;0.01805706;marketplaceAcceptance;positive
302;accept;44;0.015890213;marketplaceAcceptance;positive
303;compani;32;0.011556519;marketplaceAcceptance;positive
304;currenc;29;0.010473095;marketplaceAcceptance;positive
305;digit;24;0.008667389;marketplaceAcceptance;positive
306;pleas;24;0.008667389;marketplaceAcceptance;positive
307;said;20;0.007222824;marketplaceAcceptance;positive
308;custom;19;0.006861683;marketplaceAcceptance;positive
309;blockchain;18;0.006500542;marketplaceAcceptance;positive
310;donat;17;0.006139401;marketplaceAcceptance;positive
311;follow;17;0.006139401;marketplaceAcceptance;positive
312;report;17;0.006139401;marketplaceAcceptance;positive
313;bitpay;16;0.005778259;marketplaceAcceptance;positive
314;new;16;0.005778259;marketplaceAcceptance;positive
315;base;15;0.005417118;marketplaceAcceptance;positive
316;valu;15;0.005417118;marketplaceAcceptance;positive
317;announc;14;0.005055977;marketplaceAcceptance;positive
318;consum;14;0.005055977;marketplaceAcceptance;positive
319;interest;14;0.005055977;marketplaceAcceptance;positive
320;microsoft;14;0.005055977;marketplaceAcceptance;positive
321;parti;14;0.005055977;marketplaceAcceptance;positive
322;price;14;0.005055977;marketplaceAcceptance;positive
323;updat;14;0.005055977;marketplaceAcceptance;positive
324;year;14;0.005055977;marketplaceAcceptance;positive
325;articl;13;0.004694836;marketplaceAcceptance;positive
326;tip;13;0.004694836;marketplaceAcceptance;positive
327;bank;12;0.004333694;marketplaceAcceptance;positive
328;clast;12;0.004333694;marketplaceAcceptance;positive
329;exchang;12;0.004333694;marketplaceAcceptance;positive
330;expedia;12;0.004333694;marketplaceAcceptance;positive
331;idea;12;0.004333694;marketplaceAcceptance;positive
332;move;12;0.004333694;marketplaceAcceptance;positive
333;write;12;0.004333694;marketplaceAcceptance;positive
334;offer;11;0.003972553;marketplaceAcceptance;positive
335;provid;11;0.003972553;marketplaceAcceptance;positive
336;coindesk;10;0.003611412;marketplaceAcceptance;positive
337;develop;10;0.003611412;marketplaceAcceptance;positive
338;document;10;0.003611412;marketplaceAcceptance;positive
339;hasnain;10;0.003611412;marketplaceAcceptance;positive
340;merchant;10;0.003611412;marketplaceAcceptance;positive
341;method;10;0.003611412;marketplaceAcceptance;positive
342;option;10;0.003611412;marketplaceAcceptance;positive
343;retail;10;0.003611412;marketplaceAcceptance;positive
344;bitcoin;9;0.003250271;marketplaceAcceptance;positive
345;dell;9;0.003250271;marketplaceAcceptance;positive
346;first;9;0.003250271;marketplaceAcceptance;positive
347;govern;9;0.003250271;marketplaceAcceptance;positive
348;industri;9;0.003250271;marketplaceAcceptance;positive
349;integr;9;0.003250271;marketplaceAcceptance;positive
350;seek;9;0.003250271;marketplaceAcceptance;positive
351;servic;9;0.003250271;marketplaceAcceptance;positive
352;startup;9;0.003250271;marketplaceAcceptance;positive
353;foundat;8;0.00288913;marketplaceAcceptance;positive
354;last;8;0.00288913;marketplaceAcceptance;positive
355;market;8;0.00288913;marketplaceAcceptance;positive
356;processor;8;0.00288913;marketplaceAcceptance;positive
357;product;8;0.00288913;marketplaceAcceptance;positive
358;russia;8;0.00288913;marketplaceAcceptance;positive
359;technolog;8;0.00288913;marketplaceAcceptance;positive
360;accord;7;0.002527988;marketplaceAcceptance;positive
361;book;7;0.002527988;marketplaceAcceptance;positive
362;current;7;0.002527988;marketplaceAcceptance;positive
363;decis;7;0.002527988;marketplaceAcceptance;positive
364;demandwar;7;0.002527988;marketplaceAcceptance;positive
365;like;7;0.002527988;marketplaceAcceptance;positive
366;major;7;0.002527988;marketplaceAcceptance;positive
367;may;7;0.002527988;marketplaceAcceptance;positive
368;mean;7;0.002527988;marketplaceAcceptance;positive
369;now;7;0.002527988;marketplaceAcceptance;positive
370;receiv;7;0.002527988;marketplaceAcceptance;positive
371;still;7;0.002527988;marketplaceAcceptance;positive
372;today;7;0.002527988;marketplaceAcceptance;positive
373;two;7;0.002527988;marketplaceAcceptance;positive
374;week;7;0.002527988;marketplaceAcceptance;positive
375;airlin;6;0.002166847;marketplaceAcceptance;positive
376;becom;6;0.002166847;marketplaceAcceptance;positive
377;come;6;0.002166847;marketplaceAcceptance;positive
378;comment;6;0.002166847;marketplaceAcceptance;positive
379;green;6;0.002166847;marketplaceAcceptance;positive
380;litecoin;6;0.002166847;marketplaceAcceptance;positive
381;next;6;0.002166847;marketplaceAcceptance;positive
382;plan;6;0.002166847;marketplaceAcceptance;positive
383;project;6;0.002166847;marketplaceAcceptance;positive
384;recent;6;0.002166847;marketplaceAcceptance;positive
385;say;6;0.002166847;marketplaceAcceptance;positive
386;survey;6;0.002166847;marketplaceAcceptance;positive
387;system;6;0.002166847;marketplaceAcceptance;positive
388;transact;6;0.002166847;marketplaceAcceptance;positive
389;travel;6;0.002166847;marketplaceAcceptance;positive
390;walsh;6;0.002166847;marketplaceAcceptance;positive
391;way;6;0.002166847;marketplaceAcceptance;positive
392;alreadi;5;0.001805706;marketplaceAcceptance;positive
393;although;5;0.001805706;marketplaceAcceptance;positive
394;applic;5;0.001805706;marketplaceAcceptance;positive
395;area;5;0.001805706;marketplaceAcceptance;positive
396;attent;5;0.001805706;marketplaceAcceptance;positive
397;behind;5;0.001805706;marketplaceAcceptance;positive
398;busi;5;0.001805706;marketplaceAcceptance;positive
399;coinbas;5;0.001805706;marketplaceAcceptance;positive
400;communiti;5;0.001805706;marketplaceAcceptance;positive
401;price;135;0.027483713;pricedrop;negative
402;exchang;77;0.015675896;pricedrop;negative
403;market;68;0.013843648;pricedrop;negative
404;currenc;52;0.010586319;pricedrop;negative
405;trade;47;0.009568404;pricedrop;negative
406;coindesk;41;0.008346906;pricedrop;negative
407;time;40;0.008143322;pricedrop;negative
408;drop;39;0.007939739;pricedrop;negative
409;report;36;0.00732899;pricedrop;negative
410;declin;34;0.006921824;pricedrop;negative
411;today;34;0.006921824;pricedrop;negative
412;valu;33;0.006718241;pricedrop;negative
413;digit;31;0.006311075;pricedrop;negative
414;auroracoin;30;0.006107492;pricedrop;negative
415;bank;29;0.005903909;pricedrop;negative
416;week;29;0.005903909;pricedrop;negative
417;day;28;0.005700326;pricedrop;negative
418;may;26;0.00529316;pricedrop;negative
419;pleas;26;0.00529316;pricedrop;negative
420;said;26;0.00529316;pricedrop;negative
421;take;25;0.005089577;pricedrop;negative
422;zcash;25;0.005089577;pricedrop;negative
423;bitcoin;23;0.00468241;pricedrop;negative
424;move;23;0.00468241;pricedrop;negative
425;follow;22;0.004478827;pricedrop;negative
426;caus;20;0.004071661;pricedrop;negative
427;soon;20;0.004071661;pricedrop;negative
428;last;19;0.003868078;pricedrop;negative
429;observ;19;0.003868078;pricedrop;negative
430;press;19;0.003868078;pricedrop;negative
431;interest;18;0.003664495;pricedrop;negative
432;one;18;0.003664495;pricedrop;negative
433;major;17;0.003460912;pricedrop;negative
434;rough;17;0.003460912;pricedrop;negative
435;activ;16;0.003257329;pricedrop;negative
436;announc;16;0.003257329;pricedrop;negative
437;articl;16;0.003257329;pricedrop;negative
438;compani;16;0.003257329;pricedrop;negative
439;newli;16;0.003257329;pricedrop;negative
440;notabl;16;0.003257329;pricedrop;negative
441;idea;15;0.003053746;pricedrop;negative
442;launch;15;0.003053746;pricedrop;negative
443;like;15;0.003053746;pricedrop;negative
444;say;15;0.003053746;pricedrop;negative
445;show;15;0.003053746;pricedrop;negative
446;tip;15;0.003053746;pricedrop;negative
447;indic;14;0.002850163;pricedrop;negative
448;now;14;0.002850163;pricedrop;negative
449;okcoin;14;0.002850163;pricedrop;negative
450;updat;14;0.002850163;pricedrop;negative
451;volum;14;0.002850163;pricedrop;negative
452;airdrop;13;0.00264658;pricedrop;negative
453;attent;13;0.00264658;pricedrop;negative
454;base;13;0.00264658;pricedrop;negative
455;clast;13;0.00264658;pricedrop;negative
456;domest;13;0.00264658;pricedrop;negative
457;limit;13;0.00264658;pricedrop;negative
458;oper;13;0.00264658;pricedrop;negative
459;start;13;0.00264658;pricedrop;negative
460;though;13;0.00264658;pricedrop;negative
461;write;13;0.00264658;pricedrop;negative
462;1st;12;0.002442997;pricedrop;negative
463;also;12;0.002442997;pricedrop;negative
464;chines;12;0.002442997;pricedrop;negative
465;claim;12;0.002442997;pricedrop;negative
466;low;12;0.002442997;pricedrop;negative
467;month;12;0.002442997;pricedrop;negative
468;new;12;0.002442997;pricedrop;negative
469;novemb;12;0.002442997;pricedrop;negative
470;servic;12;0.002442997;pricedrop;negative
471;signific;12;0.002442997;pricedrop;negative
472;usd;12;0.002442997;pricedrop;negative
473;account;11;0.002239414;pricedrop;negative
474;action;11;0.002239414;pricedrop;negative
475;blockchain;11;0.002239414;pricedrop;negative
476;coin;11;0.002239414;pricedrop;negative
477;come;11;0.002239414;pricedrop;negative
478;cryptocurr;11;0.002239414;pricedrop;negative
479;even;11;0.002239414;pricedrop;negative
480;fall;11;0.002239414;pricedrop;negative
481;fund;11;0.002239414;pricedrop;negative
482;high;11;0.002239414;pricedrop;negative
483;issu;11;0.002239414;pricedrop;negative
484;offici;11;0.002239414;pricedrop;negative
485;open;11;0.002239414;pricedrop;negative
486;peopl;11;0.002239414;pricedrop;negative
487;proof;11;0.002239414;pricedrop;negative
488;public;11;0.002239414;pricedrop;negative
489;relat;11;0.002239414;pricedrop;negative
490;still;11;0.002239414;pricedrop;negative
491;600;10;0.002035831;pricedrop;negative
492;accord;10;0.002035831;pricedrop;negative
493;began;10;0.002035831;pricedrop;negative
494;close;10;0.002035831;pricedrop;negative
495;closer;10;0.002035831;pricedrop;negative
496;equilibrium;10;0.002035831;pricedrop;negative
497;increas;10;0.002035831;pricedrop;negative
498;just;10;0.002035831;pricedrop;negative
499;knowledg;10;0.002035831;pricedrop;negative
500;list;10;0.002035831;pricedrop;negative
501;price;146;0.041138349;priceIncrease;positive
502;market;61;0.01718794;priceIncrease;positive
503;week;51;0.014370245;priceIncrease;positive
504;trade;47;0.013243167;priceIncrease;positive
505;coindesk;39;0.010989011;priceIncrease;positive
506;currenc;33;0.009298394;priceIncrease;positive
507;day;32;0.009016624;priceIncrease;positive
508;develop;29;0.008171316;priceIncrease;positive
509;ralli;28;0.007889546;priceIncrease;positive
510;2013;26;0.007326007;priceIncrease;positive
511;digit;25;0.007044238;priceIncrease;positive
512;pleas;24;0.006762468;priceIncrease;positive
513;time;23;0.006480699;priceIncrease;positive
514;data;22;0.006198929;priceIncrease;positive
515;exchang;22;0.006198929;priceIncrease;positive
516;high;22;0.006198929;priceIncrease;positive
517;2016;20;0.00563539;priceIncrease;positive
518;follow;19;0.005353621;priceIncrease;positive
519;look;19;0.005353621;priceIncrease;positive
520;may;19;0.005353621;priceIncrease;positive
521;trader;19;0.005353621;priceIncrease;positive
522;past;18;0.005071851;priceIncrease;positive
523;800;17;0.004790082;priceIncrease;positive
524;volatil;17;0.004790082;priceIncrease;positive
525;ethereum;16;0.004508312;priceIncrease;positive
526;move;16;0.004508312;priceIncrease;positive
527;rise;16;0.004508312;priceIncrease;positive
528;surg;16;0.004508312;priceIncrease;positive
529;valu;16;0.004508312;priceIncrease;positive
530;decemb;15;0.004226543;priceIncrease;positive
531;gain;15;0.004226543;priceIncrease;positive
532;interest;15;0.004226543;priceIncrease;positive
533;need;15;0.004226543;priceIncrease;positive
534;recent;15;0.004226543;priceIncrease;positive
535;said;15;0.004226543;priceIncrease;positive
536;etc;14;0.003944773;priceIncrease;positive
537;much;14;0.003944773;priceIncrease;positive
538;now;14;0.003944773;priceIncrease;positive
539;year;14;0.003944773;priceIncrease;positive
540;accord;13;0.003663004;priceIncrease;positive
541;base;13;0.003663004;priceIncrease;positive
542;come;13;0.003663004;priceIncrease;positive
543;cryptocurr;13;0.003663004;priceIncrease;positive
544;peak;13;0.003663004;priceIncrease;positive
545;sinc;13;0.003663004;priceIncrease;positive
546;zcash;13;0.003663004;priceIncrease;positive
547;articl;12;0.003381234;priceIncrease;positive
548;bpi;12;0.003381234;priceIncrease;positive
549;clast;12;0.003381234;priceIncrease;positive
550;factor;12;0.003381234;priceIncrease;positive
551;idea;12;0.003381234;priceIncrease;positive
552;level;12;0.003381234;priceIncrease;positive
553;one;12;0.003381234;priceIncrease;positive
554;tip;12;0.003381234;priceIncrease;positive
555;updat;12;0.003381234;priceIncrease;positive
556;while;12;0.003381234;priceIncrease;positive
557;write;12;0.003381234;priceIncrease;positive
558;differ;11;0.003099465;priceIncrease;positive
559;eliosoff;11;0.003099465;priceIncrease;positive
560;emphas;11;0.003099465;priceIncrease;positive
561;even;11;0.003099465;priceIncrease;positive
562;figur;11;0.003099465;priceIncrease;positive
563;near;11;0.003099465;priceIncrease;positive
564;reach;11;0.003099465;priceIncrease;positive
565;told;11;0.003099465;priceIncrease;positive
566;utc;11;0.003099465;priceIncrease;positive
567;zivkovski;11;0.003099465;priceIncrease;positive
568;averag;10;0.002817695;priceIncrease;positive
569;blockchain;10;0.002817695;priceIncrease;positive
570;bullish;10;0.002817695;priceIncrease;positive
571;classic;10;0.002817695;priceIncrease;positive
572;howev;10;0.002817695;priceIncrease;positive
573;just;10;0.002817695;priceIncrease;positive
574;like;10;0.002817695;priceIncrease;positive
575;month;10;0.002817695;priceIncrease;positive
576;period;10;0.002817695;priceIncrease;positive
577;reveal;10;0.002817695;priceIncrease;positive
578;this;10;0.002817695;priceIncrease;positive
579;bitcoin;9;0.002535926;priceIncrease;positive
580;far;9;0.002535926;priceIncrease;positive
581;first;9;0.002535926;priceIncrease;positive
582;higher;9;0.002535926;priceIncrease;positive
583;januari;9;0.002535926;priceIncrease;positive
584;late;9;0.002535926;priceIncrease;positive
585;major;9;0.002535926;priceIncrease;positive
586;percent;9;0.002535926;priceIncrease;positive
587;press;9;0.002535926;priceIncrease;positive
588;push;9;0.002535926;priceIncrease;positive
589;sank;9;0.002535926;priceIncrease;positive
590;session;9;0.002535926;priceIncrease;positive
591;today;9;0.002535926;priceIncrease;positive
592;two;9;0.002535926;priceIncrease;positive
593;5th;8;0.002254156;priceIncrease;positive
594;900;8;0.002254156;priceIncrease;positive
595;crazi;8;0.002254156;priceIncrease;positive
596;eth;8;0.002254156;priceIncrease;positive
597;eye;8;0.002254156;priceIncrease;positive
598;increas;8;0.002254156;priceIncrease;positive
599;leverag;8;0.002254156;priceIncrease;positive
600;long;8;0.002254156;priceIncrease;positive
601;tax;88;0.021825397;taxation;negative
602;currenc;50;0.012400794;taxation;negative
603;bitcoin;37;0.009176587;taxation;negative
604;regul;37;0.009176587;taxation;negative
605;vat;33;0.008184524;taxation;negative
606;exchang;32;0.007936508;taxation;negative
607;said;32;0.007936508;taxation;negative
608;gain;30;0.007440476;taxation;negative
609;countri;29;0.00719246;taxation;negative
610;servic;28;0.006944444;taxation;negative
611;capit;25;0.006200397;taxation;negative
612;law;25;0.006200397;taxation;negative
613;state;23;0.005704365;taxation;negative
614;valu;23;0.005704365;taxation;negative
615;bank;22;0.005456349;taxation;negative
616;payment;22;0.005456349;taxation;negative
617;transact;22;0.005456349;taxation;negative
618;blockchain;21;0.005208333;taxation;negative
619;money;21;0.005208333;taxation;negative
620;say;21;0.005208333;taxation;negative
621;digit;20;0.004960317;taxation;negative
622;rule;20;0.004960317;taxation;negative
623;cryptocurr;18;0.004464286;taxation;negative
624;sale;18;0.004464286;taxation;negative
625;sell;18;0.004464286;taxation;negative
626;compani;17;0.00421627;taxation;negative
627;issu;17;0.00421627;taxation;negative
628;one;17;0.00421627;taxation;negative
629;new;16;0.003968254;taxation;negative
630;pleas;16;0.003968254;taxation;negative
631;year;16;0.003968254;taxation;negative
632;busi;15;0.003720238;taxation;negative
633;coindesk;15;0.003720238;taxation;negative
634;merchant;15;0.003720238;taxation;negative
635;mine;15;0.003720238;taxation;negative
636;report;15;0.003720238;taxation;negative
637;subject;15;0.003720238;taxation;negative
638;virtual;15;0.003720238;taxation;negative
639;financi;14;0.003472222;taxation;negative
640;follow;14;0.003472222;taxation;negative
641;good;14;0.003472222;taxation;negative
642;investor;14;0.003472222;taxation;negative
643;irs;14;0.003472222;taxation;negative
644;make;14;0.003472222;taxation;negative
645;potenti;14;0.003472222;taxation;negative
646;this;14;0.003472222;taxation;negative
647;campaign;13;0.003224206;taxation;negative
648;legal;13;0.003224206;taxation;negative
649;need;13;0.003224206;taxation;negative
650;question;13;0.003224206;taxation;negative
651;treat;13;0.003224206;taxation;negative
652;argu;12;0.00297619;taxation;negative
653;custom;12;0.00297619;taxation;negative
654;european;12;0.00297619;taxation;negative
655;provid;12;0.00297619;taxation;negative
656;base;11;0.002728175;taxation;negative
657;charg;11;0.002728175;taxation;negative
658;first;11;0.002728175;taxation;negative
659;impos;11;0.002728175;taxation;negative
660;made;11;0.002728175;taxation;negative
661;may;11;0.002728175;taxation;negative
662;revenu;11;0.002728175;taxation;negative
663;use;11;0.002728175;taxation;negative
664;want;11;0.002728175;taxation;negative
665;whether;11;0.002728175;taxation;negative
666;articl;10;0.002480159;taxation;negative
667;author;10;0.002480159;taxation;negative
668;consid;10;0.002480159;taxation;negative
669;current;10;0.002480159;taxation;negative
670;decis;10;0.002480159;taxation;negative
671;differ;10;0.002480159;taxation;negative
672;incom;10;0.002480159;taxation;negative
673;now;10;0.002480159;taxation;negative
674;pay;10;0.002480159;taxation;negative
675;purchas;10;0.002480159;taxation;negative
676;technolog;10;0.002480159;taxation;negative
677;though;10;0.002480159;taxation;negative
678;trade;10;0.002480159;taxation;negative
679;updat;10;0.002480159;taxation;negative
680;accord;9;0.002232143;taxation;negative
681;also;9;0.002232143;taxation;negative
682;form;9;0.002232143;taxation;negative
683;french;9;0.002232143;taxation;negative
684;govern;9;0.002232143;taxation;negative
685;guidanc;9;0.002232143;taxation;negative
686;idea;9;0.002232143;taxation;negative
687;interest;9;0.002232143;taxation;negative
688;market;9;0.002232143;taxation;negative
689;mean;9;0.002232143;taxation;negative
690;member;9;0.002232143;taxation;negative
691;resid;9;0.002232143;taxation;negative
692;user;9;0.002232143;taxation;negative
693;write;9;0.002232143;taxation;negative
694;address;8;0.001984127;taxation;negative
695;call;8;0.001984127;taxation;negative
696;chang;8;0.001984127;taxation;negative
697;clast;8;0.001984127;taxation;negative
698;dont;8;0.001984127;taxation;negative
699;dutch;8;0.001984127;taxation;negative
700;explain;8;0.001984127;taxation;negative
701;bank;31;0.021815623;bailout;positive
702;price;24;0.016889514;bailout;positive
703;greek;17;0.011963406;bailout;positive
704;currenc;16;0.011259676;bailout;positive
705;deutsch;16;0.011259676;bailout;positive
706;financi;14;0.009852217;bailout;positive
707;digit;12;0.008444757;bailout;positive
708;market;12;0.008444757;bailout;positive
709;greec;11;0.007741027;bailout;positive
710;countri;10;0.007037298;bailout;positive
711;bitcoin;9;0.006333568;bailout;positive
712;increas;9;0.006333568;bailout;positive
713;peopl;9;0.006333568;bailout;positive
714;said;9;0.006333568;bailout;positive
715;coindesk;8;0.005629838;bailout;positive
716;may;8;0.005629838;bailout;positive
717;report;8;0.005629838;bailout;positive
718;trade;8;0.005629838;bailout;positive
719;bailout;7;0.004926108;bailout;positive
720;central;7;0.004926108;bailout;positive
721;crisi;7;0.004926108;bailout;positive
722;houta;7;0.004926108;bailout;positive
723;recent;7;0.004926108;bailout;positive
724;situat;7;0.004926108;bailout;positive
725;still;7;0.004926108;bailout;positive
726;time;7;0.004926108;bailout;positive
727;accord;6;0.004222379;bailout;positive
728;day;6;0.004222379;bailout;positive
729;exchang;6;0.004222379;bailout;positive
730;institut;6;0.004222379;bailout;positive
731;last;6;0.004222379;bailout;positive
732;money;6;0.004222379;bailout;positive
733;offer;6;0.004222379;bailout;positive
734;pleas;6;0.004222379;bailout;positive
735;reach;6;0.004222379;bailout;positive
736;told;6;0.004222379;bailout;positive
737;whether;6;0.004222379;bailout;positive
738;year;6;0.004222379;bailout;positive
739;accept;5;0.003518649;bailout;positive
740;also;5;0.003518649;bailout;positive
741;ask;5;0.003518649;bailout;positive
742;asset;5;0.003518649;bailout;positive
743;atm;5;0.003518649;bailout;positive
744;capit;5;0.003518649;bailout;positive
745;come;5;0.003518649;bailout;positive
746;compani;5;0.003518649;bailout;positive
747;euro;5;0.003518649;bailout;positive
748;interest;5;0.003518649;bailout;positive
749;juli;5;0.003518649;bailout;positive
750;need;5;0.003518649;bailout;positive
751;new;5;0.003518649;bailout;positive
752;sinc;5;0.003518649;bailout;positive
753;some;5;0.003518649;bailout;positive
754;use;5;0.003518649;bailout;positive
755;valu;5;0.003518649;bailout;positive
756;volatil;5;0.003518649;bailout;positive
757;week;5;0.003518649;bailout;positive
758;300;4;0.002814919;bailout;positive
759;believ;4;0.002814919;bailout;positive
760;blockchain;4;0.002814919;bailout;positive
761;control;4;0.002814919;bailout;positive
762;cryptocurr;4;0.002814919;bailout;positive
763;eurbtc;4;0.002814919;bailout;positive
764;first;4;0.002814919;bailout;positive
765;high;4;0.002814919;bailout;positive
766;impact;4;0.002814919;bailout;positive
767;like;4;0.002814919;bailout;positive
768;next;4;0.002814919;bailout;positive
769;oper;4;0.002814919;bailout;positive
770;payment;4;0.002814919;bailout;positive
771;purchas;4;0.002814919;bailout;positive
772;result;4;0.002814919;bailout;positive
773;safe;4;0.002814919;bailout;positive
774;secur;4;0.002814919;bailout;positive
775;suggest;4;0.002814919;bailout;positive
776;tip;4;0.002814919;bailout;positive
777;transact;4;0.002814919;bailout;positive
778;while;4;0.002814919;bailout;positive
779;within;4;0.002814919;bailout;positive
780;world;4;0.002814919;bailout;positive
781;12th;3;0.002111189;bailout;positive
782;adopt;3;0.002111189;bailout;positive
783;although;3;0.002111189;bailout;positive
784;amount;3;0.002111189;bailout;positive
785;around;3;0.002111189;bailout;positive
786;articl;3;0.002111189;bailout;positive
787;awar;3;0.002111189;bailout;positive
788;base;3;0.002111189;bailout;positive
789;citizen;3;0.002111189;bailout;positive
790;clast;3;0.002111189;bailout;positive
791;continu;3;0.002111189;bailout;positive
792;current;3;0.002111189;bailout;positive
793;deriv;3;0.002111189;bailout;positive
794;discuss;3;0.002111189;bailout;positive
795;drop;3;0.002111189;bailout;positive
796;econom;3;0.002111189;bailout;positive
797;enthusiast;3;0.002111189;bailout;positive
798;european;3;0.002111189;bailout;positive
799;eurozon;3;0.002111189;bailout;positive
800;even;3;0.002111189;bailout;positive
801;payment;48;0.017309773;coinAcception;positive
802;accept;46;0.016588532;coinAcception;positive
803;currenc;31;0.011179228;coinAcception;positive
804;compani;30;0.010818608;coinAcception;positive
805;digit;26;0.009376127;coinAcception;positive
806;pleas;24;0.008654886;coinAcception;positive
807;coindesk;23;0.008294266;coinAcception;positive
808;new;21;0.007573026;coinAcception;positive
809;report;20;0.007212405;coinAcception;positive
810;said;20;0.007212405;coinAcception;positive
811;custom;19;0.006851785;coinAcception;positive
812;blockchain;18;0.006491165;coinAcception;positive
813;donat;17;0.006130545;coinAcception;positive
814;follow;17;0.006130545;coinAcception;positive
815;bitpay;16;0.005769924;coinAcception;positive
816;announc;15;0.005409304;coinAcception;positive
817;updat;15;0.005409304;coinAcception;positive
818;valu;15;0.005409304;coinAcception;positive
819;bank;14;0.005048684;coinAcception;positive
820;base;14;0.005048684;coinAcception;positive
821;interest;14;0.005048684;coinAcception;positive
822;microsoft;14;0.005048684;coinAcception;positive
823;parti;14;0.005048684;coinAcception;positive
824;articl;13;0.004688063;coinAcception;positive
825;exchang;13;0.004688063;coinAcception;positive
826;move;13;0.004688063;coinAcception;positive
827;tip;13;0.004688063;coinAcception;positive
828;clast;12;0.004327443;coinAcception;positive
829;consum;12;0.004327443;coinAcception;positive
830;expedia;12;0.004327443;coinAcception;positive
831;idea;12;0.004327443;coinAcception;positive
832;price;12;0.004327443;coinAcception;positive
833;servic;12;0.004327443;coinAcception;positive
834;today;12;0.004327443;coinAcception;positive
835;write;12;0.004327443;coinAcception;positive
836;year;12;0.004327443;coinAcception;positive
837;document;11;0.003966823;coinAcception;positive
838;offer;11;0.003966823;coinAcception;positive
839;technolog;11;0.003966823;coinAcception;positive
840;accord;10;0.003606203;coinAcception;positive
841;develop;10;0.003606203;coinAcception;positive
842;hasnain;10;0.003606203;coinAcception;positive
843;market;10;0.003606203;coinAcception;positive
844;option;10;0.003606203;coinAcception;positive
845;retail;10;0.003606203;coinAcception;positive
846;bitcoin;9;0.003245582;coinAcception;positive
847;current;9;0.003245582;coinAcception;positive
848;decis;9;0.003245582;coinAcception;positive
849;dell;9;0.003245582;coinAcception;positive
850;first;9;0.003245582;coinAcception;positive
851;foundat;9;0.003245582;coinAcception;positive
852;industri;9;0.003245582;coinAcception;positive
853;integr;9;0.003245582;coinAcception;positive
854;may;9;0.003245582;coinAcception;positive
855;one;9;0.003245582;coinAcception;positive
856;provid;9;0.003245582;coinAcception;positive
857;govern;8;0.002884962;coinAcception;positive
858;last;8;0.002884962;coinAcception;positive
859;merchant;8;0.002884962;coinAcception;positive
860;method;8;0.002884962;coinAcception;positive
861;now;8;0.002884962;coinAcception;positive
862;processor;8;0.002884962;coinAcception;positive
863;product;8;0.002884962;coinAcception;positive
864;russia;8;0.002884962;coinAcception;positive
865;say;8;0.002884962;coinAcception;positive
866;demandwar;7;0.002524342;coinAcception;positive
867;like;7;0.002524342;coinAcception;positive
868;major;7;0.002524342;coinAcception;positive
869;plan;7;0.002524342;coinAcception;positive
870;receiv;7;0.002524342;coinAcception;positive
871;speak;7;0.002524342;coinAcception;positive
872;transact;7;0.002524342;coinAcception;positive
873;airlin;6;0.002163722;coinAcception;positive
874;becom;6;0.002163722;coinAcception;positive
875;book;6;0.002163722;coinAcception;positive
876;comment;6;0.002163722;coinAcception;positive
877;ecommerc;6;0.002163722;coinAcception;positive
878;firm;6;0.002163722;coinAcception;positive
879;green;6;0.002163722;coinAcception;positive
880;litecoin;6;0.002163722;coinAcception;positive
881;make;6;0.002163722;coinAcception;positive
882;mean;6;0.002163722;coinAcception;positive
883;next;6;0.002163722;coinAcception;positive
884;project;6;0.002163722;coinAcception;positive
885;seek;6;0.002163722;coinAcception;positive
886;survey;6;0.002163722;coinAcception;positive
887;travel;6;0.002163722;coinAcception;positive
888;two;6;0.002163722;coinAcception;positive
889;walsh;6;0.002163722;coinAcception;positive
890;way;6;0.002163722;coinAcception;positive
891;alreadi;5;0.001803101;coinAcception;positive
892;although;5;0.001803101;coinAcception;positive
893;area;5;0.001803101;coinAcception;positive
894;busi;5;0.001803101;coinAcception;positive
895;come;5;0.001803101;coinAcception;positive
896;dollar;5;0.001803101;coinAcception;positive
897;end;5;0.001803101;coinAcception;positive
898;financi;5;0.001803101;coinAcception;positive
899;found;5;0.001803101;coinAcception;positive
900;giant;5;0.001803101;coinAcception;positive
